sequence,x_coordinates,y_coordinates
0,"[305, 305, 303, 299, 295, 289, 281, 272, 264, 247, 233, 223, 208, 195, 181, 164, 145, 130, 104, 87, 70, 58, 54, 52, 52, 54, 58, 64, 67, 71, 78, 90, 110, 129, 166, 195, 220, 248, 273, 299, 333, 358, 381, 412, 435, 455, 481, 511, 538, 558, 573, 578, 580, 580, 576, 569, 563, 556, 542, 514, 471, 416, 343, 286, 231, 200, 182, 175, 169]","[141, 141, 141, 141, 141, 139, 138, 137, 136, 134, 134, 134, 134, 136, 142, 153, 165, 180, 206, 233, 270, 300, 329, 354, 371, 389, 401, 411, 416, 422, 427, 433, 441, 446, 453, 456, 459, 461, 461, 457, 452, 444, 435, 420, 409, 394, 369, 336, 298, 258, 219, 190, 160, 143, 129, 118, 109, 103, 94, 85, 73, 70, 70, 70, 72, 76, 80, 80, 83]"
0,"[238, 234, 226, 214, 200, 175, 149, 124, 103, 83, 62, 45, 31, 24, 20, 20, 20, 25, 39, 52, 70, 92, 112, 143, 186, 216, 257, 293, 328, 372, 402, 439, 475, 509, 547, 576, 613, 638, 655, 665, 669, 673, 673, 670, 662, 650, 635, 623, 612, 585, 549, 498, 450, 387, 340, 297, 272, 257, 241, 213, 189, 172, 164]","[166, 165, 165, 165, 167, 174, 183, 194, 206, 222, 241, 263, 292, 316, 347, 380, 402, 423, 452, 471, 496, 519, 538, 562, 589, 610, 627, 642, 649, 652, 652, 648, 634, 615, 589, 560, 511, 470, 441, 416, 404, 393, 382, 367, 342, 318, 299, 286, 277, 262, 249, 236, 226, 220, 216, 216, 215, 215, 215, 223, 238, 252, 258]"
0,"[162, 157, 146, 134, 102, 69, 17, -37, -66, -55, -54, -41, -43, -39, -27, -13, -8, 0, 10, 32, 61, 95, 127, 176, 231, 299, 361, 416, 476, 529, 578, 619, 659, 702, 729, 756, 769, 776, 778, 775, 758, 739, 719, 692, 669, 618, 576, 512, 457, 398, 349, 296, 252, 205, 176, 157, 149]","[257, 256, 253, 252, 250, 250, 255, 267, 293, 321, 355, 386, 431, 483, 533, 582, 624, 670, 708, 760, 811, 816, 796, 804, 794, 784, 767, 760, 741, 713, 680, 647, 609, 560, 521, 466, 422, 380, 344, 303, 253, 214, 182, 153, 132, 103, 82, 68, 64, 64, 64, 73, 88, 107, 123, 136, 141]"
0,"[239, 237, 234, 230, 223, 212, 199, 181, 162, 145, 127, 113, 95, 64, 42, 18, 2, -10, -2, 0, 4, 17, 32, 50, 74, 106, 142, 198, 269, 338, 410, 488, 550, 615, 666, 717, 750, 789, 818, 843, 858, 869, 871, 871, 863, 817, 794, 763, 727, 683, 638, 584, 524, 469, 396, 331, 267, 208, 165, 128, 88, 61, 52]","[205, 204, 204, 204, 204, 205, 209, 214, 219, 226, 234, 244, 262, 299, 334, 384, 440, 502, 543, 592, 636, 675, 711, 748, 780, 801, 798, 800, 793, 780, 773, 767, 754, 728, 702, 669, 641, 592, 554, 511, 469, 429, 398, 371, 336, 233, 205, 173, 143, 111, 87, 69, 55, 47, 47, 50, 60, 73, 86, 102, 123, 144, 150]"
0,"[248, 247, 245, 240, 226, 214, 188, 160, 120, 78, 38, -8, -36, -43, -27, -20, -28, -23, -22, -11, -4, 0, 9, 22, 43, 69, 94, 143, 198, 263, 331, 388, 457, 520, 577, 628, 669, 706, 742, 777, 808, 821, 830, 832, 829, 823, 811, 798, 778, 750, 697, 648, 589, 538, 484, 440, 392, 355, 313, 278, 253, 234, 228]","[221, 220, 219, 218, 217, 215, 214, 214, 214, 217, 228, 239, 256, 277, 295, 314, 348, 385, 435, 476, 523, 563, 609, 647, 689, 722, 746, 779, 791, 784, 771, 767, 754, 735, 712, 684, 653, 618, 574, 520, 466, 425, 383, 347, 305, 278, 255, 234, 215, 194, 167, 148, 133, 126, 126, 128, 136, 147, 166, 186, 206, 227, 233]"
0,"[225, 222, 211, 200, 176, 146, 119, 71, 39, -10, -33, -40, -37, -27, -25, -22, -26, -21, -11, -7, -4, 0, 9, 21, 41, 64, 135, 174, 214, 272, 321, 381, 433, 488, 543, 598, 655, 709, 754, 802, 839, 867, 888, 900, 905, 907, 907, 901, 887, 871, 854, 823, 785, 732, 680, 619, 561, 499, 455, 402, 362, 313, 279, 245, 237]","[233, 231, 228, 226, 224, 224, 224, 230, 239, 252, 265, 283, 306, 325, 350, 376, 409, 454, 492, 534, 573, 622, 667, 700, 747, 792, 857, 796, 794, 792, 780, 773, 767, 758, 742, 714, 680, 643, 600, 547, 498, 450, 405, 362, 325, 292, 246, 209, 183, 156, 136, 111, 86, 60, 42, 27, 21, 21, 21, 28, 37, 53, 73, 99, 106]"
0,"[317, 315, 314, 312, 311, 310, 310, 309, 306, 298, 278, 252, 225, 178, 140, 88, 46, -18, -48, -50, -35, -31, -26, -21, -10, -6, 0, 2, 12, 29, 60, 92, 132, 170, 229, 281, 346, 409, 463, 524, 573, 631, 685, 744, 794, 843, 876, 901, 918, 927, 930, 930, 922, 902, 884, 863, 839, 809, 761, 701, 637, 566, 509, 447, 388, 333, 289, 251, 226, 218]","[257, 255, 252, 251, 249, 249, 248, 248, 246, 242, 236, 231, 225, 223, 223, 226, 231, 248, 270, 294, 320, 347, 378, 411, 436, 465, 495, 529, 562, 601, 654, 698, 740, 771, 798, 789, 784, 773, 767, 762, 746, 719, 686, 644, 600, 545, 506, 463, 424, 387, 356, 320, 275, 223, 191, 163, 137, 114, 88, 70, 57, 53, 53, 56, 66, 87, 108, 131, 153, 159]"
0,"[250, 247, 243, 237, 227, 214, 191, 158, 125, 65, 23, -29, -38, -42, -40, -34, -21, -10, 0, 13, 34, 65, 98, 141, 195, 268, 330, 398, 472, 533, 607, 682, 748, 814, 877, 904, 921, 927, 930, 930, 923, 903, 873, 834, 800, 751, 700, 631, 567, 489, 405, 324, 247, 167, 102, 50, 10, -22, -17, -26, -14]","[264, 264, 264, 264, 265, 266, 269, 272, 281, 304, 325, 360, 388, 441, 497, 569, 624, 690, 739, 798, 830, 825, 806, 809, 803, 793, 779, 775, 771, 756, 723, 677, 627, 570, 491, 448, 411, 384, 356, 326, 294, 259, 216, 166, 132, 100, 67, 39, 20, 3, -1, 0, 7, 22, 41, 61, 80, 102, 116, 149, 183]"
0,"[475, 475, 473, 469, 463, 455, 444, 428, 402, 367, 328, 286, 256, 223, 192, 159, 128, 92, 86, 84, 84, 91, 105, 127, 150, 234, 299, 362, 430, 499, 559, 626, 676, 726, 761, 802, 838, 882, 918, 947, 961, 967, 967, 962, 952, 938, 918, 880, 827, 759, 699, 629, 575, 515, 473, 427, 396, 359, 323, 295, 264, 255]","[430, 430, 430, 430, 428, 427, 426, 426, 430, 437, 451, 472, 496, 519, 549, 588, 641, 734, 770, 814, 797, 807, 803, 799, 798, 823, 786, 775, 767, 756, 737, 716, 694, 670, 650, 616, 588, 533, 477, 423, 385, 343, 318, 291, 266, 251, 232, 206, 179, 154, 133, 116, 104, 96, 92, 92, 95, 102, 116, 137, 168, 176]"
0,"[246, 244, 240, 233, 227, 213, 191, 150, 107, 61, 19, -11, -31, -19, -11, -3, 0, 3, 12, 28, 57, 83, 113, 136, 174, 213, 251, 299, 337, 388, 437, 492, 535, 586, 620, 654, 676, 692, 705, 718, 723, 727, 727, 722, 715, 700, 680, 657, 611, 561, 505, 460, 406, 370, 337, 299, 270, 243, 215, 180, 171]","[293, 293, 292, 292, 292, 294, 302, 315, 342, 374, 414, 448, 502, 544, 587, 618, 666, 716, 761, 798, 823, 809, 804, 788, 792, 785, 778, 775, 767, 767, 756, 734, 709, 674, 641, 598, 565, 529, 493, 449, 413, 374, 325, 267, 233, 199, 171, 152, 124, 102, 88, 80, 78, 78, 81, 88, 96, 111, 136, 175, 185]"
0,"[229, 216, 184, 146, 115, 81, 52, 19, -6, -15, -8, 3, 20, 40, 66, 103, 136, 184, 243, 309, 377, 438, 501, 550, 607, 659, 695, 715, 721, 721, 719, 709, 693, 671, 640, 599, 544, 496, 435, 385, 331, 288, 245, 201, 154, 114, 88, 52, 44]","[315, 322, 337, 364, 396, 437, 475, 537, 597, 656, 709, 764, 821, 819, 815, 821, 803, 800, 796, 780, 769, 757, 732, 702, 657, 594, 535, 478, 441, 409, 391, 370, 348, 325, 297, 262, 222, 192, 160, 140, 122, 115, 115, 117, 135, 160, 182, 229, 239]"
0,"[227, 221, 214, 202, 184, 153, 117, 74, 25, -11, -42, -46, -38, -27, -15, -5, 0, 11, 38, 41, 43, 56, 97, 153, 190, 215, 229, 233, 233, 226, 212, 197, 164, 123, 69, 21, -33, -43, -45, -39, -29, -37, -36, -39, -42, -34, -39, -40]","[325, 325, 325, 325, 325, 327, 338, 353, 381, 411, 452, 507, 581, 649, 722, 800, 838, 865, 869, 778, 767, 751, 699, 621, 551, 488, 435, 390, 363, 336, 314, 294, 269, 237, 204, 178, 162, 149, 144, 142, 142, 146, 157, 175, 199, 226, 264, 318]"
0,"[421, 416, 412, 404, 386, 369, 347, 315, 288, 265, 247, 237, 235, 238, 254, 271, 296, 328, 365, 411, 465, 532, 601, 664, 741, 801, 866, 927, 979, 1032, 1081, 1113, 1133, 1144, 1146, 1143, 1128, 1114, 1096, 1073, 1038, 969, 902, 826, 745, 658, 583, 518, 473, 437, 417, 403, 383, 357]","[429, 429, 430, 432, 440, 451, 468, 502, 538, 583, 637, 685, 729, 779, 821, 803, 815, 808, 804, 804, 796, 788, 777, 767, 755, 735, 709, 678, 638, 587, 530, 471, 422, 376, 332, 285, 241, 210, 185, 164, 142, 116, 102, 93, 93, 99, 111, 128, 139, 152, 161, 171, 188, 221]"
0,"[297, 292, 284, 274, 262, 239, 197, 144, 98, 70, 27, -18, -31, -21, -12, -2, 5, 21, 47, 70, 104, 134, 170, 230, 285, 347, 407, 451, 495, 539, 589, 646, 685, 716, 730, 731, 731, 720, 698, 665, 631, 569, 510, 442, 382, 318, 250, 199, 143, 97, 51, 14, -13, -31, -33]","[363, 363, 362, 362, 362, 367, 386, 412, 444, 469, 516, 576, 632, 690, 756, 800, 833, 824, 832, 812, 809, 788, 770, 771, 769, 767, 748, 726, 694, 656, 596, 505, 438, 359, 305, 269, 244, 214, 176, 137, 107, 67, 33, 3, -13, -11, -6, 0, 5, 18, 34, 52, 71, 96, 135]"
0,"[379, 377, 366, 348, 324, 286, 224, 185, 149, 116, 89, 50, 15, 0, -8, 0, 10, 22, 44, 66, 111, 164, 245, 332, 413, 479, 544, 579, 606, 640, 667, 690, 702, 706, 706, 693, 678, 656, 627, 587, 534, 466, 402, 329, 253, 190, 116, 49, -3, -51, -11]","[433, 433, 433, 433, 433, 440, 459, 474, 492, 516, 544, 594, 663, 709, 770, 810, 805, 800, 800, 793, 794, 794, 786, 776, 767, 760, 741, 721, 700, 661, 621, 555, 494, 442, 377, 315, 277, 244, 215, 188, 164, 143, 132, 128, 128, 135, 163, 202, 246, 304, 314]"
0,"[424, 423, 416, 405, 395, 370, 351, 316, 281, 258, 230, 202, 172, 151, 133, 126, 126, 130, 144, 168, 192, 224, 316, 361, 415, 463, 517, 567, 622, 732, 778, 809, 829, 840, 844, 844, 844, 840, 828, 808, 791, 771, 756, 731, 699, 661, 618, 564, 510, 457, 403, 354, 313, 271, 261, 234, 224]","[477, 477, 477, 473, 472, 472, 472, 484, 502, 521, 548, 579, 625, 672, 722, 767, 818, 822, 811, 817, 802, 801, 836, 787, 785, 774, 767, 763, 740, 665, 613, 564, 509, 464, 427, 403, 381, 355, 324, 287, 260, 237, 222, 205, 186, 173, 164, 162, 162, 169, 180, 194, 211, 230, 234, 252, 258]"
0,"[234, 227, 216, 199, 186, 165, 134, 101, 80, 61, 53, 51, 51, 64, 90, 115, 140, 178, 238, 286, 343, 393, 454, 507, 560, 607, 663, 704, 742, 763, 777, 782, 783, 783, 783, 783, 775, 752, 698, 637, 571, 521, 461, 418, 360, 312, 252, 200, 111, 94, 78, 58, 42, 24, -2, -19, -4]","[407, 408, 411, 420, 429, 446, 477, 526, 573, 633, 686, 735, 781, 811, 817, 805, 789, 791, 790, 777, 767, 758, 735, 709, 674, 635, 579, 532, 475, 436, 400, 383, 375, 371, 368, 363, 356, 338, 307, 278, 248, 226, 206, 192, 182, 175, 171, 171, 171, 171, 175, 182, 193, 211, 246, 286, 294]"
0,"[531, 529, 524, 517, 505, 492, 474, 450, 425, 403, 379, 351, 328, 322, 322, 329, 348, 376, 410, 449, 480, 516, 570, 640, 701, 772, 836, 899, 961, 1013, 1070, 1119, 1156, 1188, 1197, 1201, 1201, 1196, 1188, 1175, 1160, 1122, 1078, 1029, 993, 943, 908, 854, 813, 755, 720, 683, 649, 613, 573, 545, 537]","[491, 491, 489, 489, 489, 491, 498, 511, 531, 554, 590, 640, 706, 756, 812, 823, 814, 830, 834, 834, 805, 800, 798, 788, 777, 767, 754, 724, 683, 642, 578, 506, 431, 336, 283, 239, 209, 187, 167, 150, 137, 114, 95, 77, 66, 61, 59, 59, 59, 62, 64, 67, 74, 86, 109, 130, 137]"
0,"[334, 329, 318, 307, 288, 252, 218, 176, 141, 112, 96, 86, 84, 87, 99, 115, 124, 139, 162, 200, 234, 269, 312, 370, 424, 468, 526, 578, 622, 656, 673, 680, 683, 682, 678, 673, 663, 636, 595, 544, 485, 437, 398, 357, 334, 307, 284, 261, 237, 214, 182]","[453, 454, 458, 463, 475, 504, 534, 591, 645, 701, 750, 800, 819, 798, 800, 799, 777, 777, 779, 778, 771, 767, 756, 734, 698, 665, 608, 543, 476, 412, 365, 333, 315, 304, 296, 288, 281, 266, 251, 235, 223, 215, 212, 208, 207, 207, 209, 218, 232, 254, 288]"
0,"[460, 459, 459, 457, 451, 446, 440, 431, 419, 396, 370, 339, 299, 264, 238, 212, 185, 161, 145, 132, 127, 127, 127, 133, 145, 160, 176, 198, 231, 265, 301, 342, 384, 427, 471, 522, 570, 611, 657, 691, 730, 769, 811, 840, 866, 897, 919, 925, 929, 930, 930, 930, 927, 918, 907, 887, 864, 839, 805, 773, 737, 699, 667, 591, 579, 574, 571, 569, 568, 567, 567, 566]","[417, 416, 416, 415, 414, 414, 414, 414, 414, 417, 421, 435, 458, 480, 500, 526, 557, 590, 622, 653, 679, 698, 720, 737, 759, 781, 782, 785, 786, 786, 781, 778, 774, 767, 765, 757, 745, 730, 705, 685, 654, 616, 564, 523, 478, 420, 370, 343, 333, 328, 325, 322, 316, 310, 302, 292, 281, 275, 269, 264, 262, 262, 262, 262, 262, 262, 262, 263, 263, 263, 263, 263]"
1,"[413, 413, 413, 413, 413, 415, 418, 425, 430, 437, 443, 450, 455, 460, 464, 470, 472, 474, 475, 477, 477, 478, 478, 479, 479, 479, 479, 479, 479]","[471, 473, 483, 493, 502, 525, 550, 585, 622, 654, 688, 720, 752, 775, 788, 789, 785, 776, 778, 774, 773, 771, 769, 769, 768, 767, 768, 767, 768]"
1,"[368, 366, 362, 356, 350, 343, 330, 320, 309, 297, 283, 273, 263, 260, 258, 258, 258, 264, 274, 289, 303, 321, 340, 358, 384, 423, 460, 509, 550, 590, 628, 672, 713, 749, 784, 831, 863, 880, 888, 892, 895, 896, 895, 887, 877, 871, 865, 861, 860, 858, 857, 856, 856, 855, 854, 854, 854, 854, 854, 855, 856, 857, 859, 861, 863, 867, 869, 871, 874, 876, 877, 879, 881, 882, 882, 883, 885, 885, 885, 885, 886, 886, 886, 887, 887, 887, 887, 887, 887, 887, 887, 887, 887, 887, 887, 887, 888, 888, 888, 888, 889, 889, 889, 889, 889, 889]","[489, 489, 489, 491, 494, 500, 507, 515, 529, 544, 568, 595, 623, 654, 682, 707, 734, 761, 791, 796, 788, 792, 788, 781, 782, 782, 774, 769, 767, 759, 746, 733, 716, 692, 663, 611, 560, 518, 493, 472, 454, 441, 424, 402, 383, 374, 364, 359, 356, 353, 352, 351, 350, 349, 349, 349, 351, 354, 359, 365, 370, 377, 384, 395, 406, 416, 425, 435, 443, 449, 455, 460, 465, 469, 472, 475, 479, 481, 483, 484, 486, 486, 487, 487, 488, 489, 489, 490, 490, 491, 492, 493, 493, 494, 496, 497, 498, 500, 500, 501, 501, 502, 502, 503, 504, 504]"
1,"[388, 388, 388, 388, 388, 388, 388, 389, 391, 393, 396, 402, 403, 409, 412, 417, 420, 423, 425, 427, 428, 428, 429, 429, 429, 429, 429, 429]","[510, 511, 512, 515, 522, 531, 543, 563, 589, 638, 679, 719, 757, 794, 803, 796, 790, 788, 780, 777, 772, 770, 770, 768, 769, 767, 768, 767]"
1,"[315, 315, 315, 315, 315, 315, 315, 315, 315, 315, 315, 316, 316, 317, 317, 317, 318, 318, 318, 318, 318, 319, 319, 319, 320, 320, 320, 321, 321, 321, 321, 321, 322, 323, 324, 324, 324, 324, 325, 325, 326, 326, 326, 326, 326, 326, 326, 326, 326, 326, 326, 326, 326, 326, 326, 326, 326, 326, 326, 326, 326, 327, 327, 327, 327, 327, 327, 327, 327, 327, 327, 327, 327, 327, 327, 327, 327]","[541, 543, 546, 549, 554, 558, 562, 566, 572, 576, 581, 586, 589, 592, 595, 597, 600, 602, 604, 607, 608, 610, 611, 613, 614, 616, 617, 619, 621, 623, 625, 627, 630, 633, 636, 639, 641, 643, 645, 646, 649, 651, 653, 654, 656, 658, 659, 661, 662, 665, 665, 666, 668, 668, 669, 669, 670, 671, 672, 673, 673, 675, 675, 676, 676, 677, 678, 678, 679, 679, 680, 681, 682, 682, 683, 683, 684]"
1,"[364, 364, 364, 364, 364, 364, 364, 364, 364, 364, 364, 365, 365, 365, 365, 365, 366, 366, 366, 366, 366, 366, 366, 367, 367, 367, 368, 368, 368, 369, 369, 369, 369, 370, 370, 370, 371, 371, 371, 371, 371, 371, 371, 371, 371, 371, 371, 371, 371, 371, 371, 371, 371, 371, 371, 371, 371, 371, 371, 371, 371, 371, 371, 371]","[211, 214, 218, 224, 230, 236, 241, 247, 252, 263, 271, 280, 287, 294, 300, 305, 309, 313, 316, 318, 321, 323, 325, 326, 328, 329, 332, 334, 335, 337, 339, 341, 343, 345, 347, 349, 352, 354, 357, 359, 361, 363, 364, 365, 366, 366, 367, 367, 368, 368, 369, 370, 370, 371, 371, 372, 372, 374, 375, 375, 377, 379, 379, 380]"
1,"[425, 425, 425, 425, 426, 426, 426, 427, 427, 427, 427, 427, 427, 427, 427, 427, 427, 427, 427, 428, 428, 428, 428, 428, 428, 428, 428, 428, 428, 428, 428, 428, 428, 428, 428, 428, 428, 428, 428, 428, 429, 429, 429, 429, 429, 429, 429, 429]","[231, 232, 233, 237, 244, 250, 259, 267, 278, 290, 303, 316, 327, 339, 351, 360, 368, 379, 385, 391, 395, 398, 399, 401, 402, 403, 403, 404, 404, 405, 405, 406, 407, 408, 410, 411, 412, 414, 415, 416, 418, 420, 422, 422, 423, 423, 424, 425]"
1,"[272, 271, 271, 271, 271, 271, 271, 271, 271, 271, 271, 273, 273, 274, 275, 275, 275, 276, 276, 277, 277, 277, 277, 277, 277, 277, 277, 277, 277, 277, 277, 277, 277, 277, 277, 277, 277, 277, 277, 277, 277, 277, 277, 277, 277, 277, 277, 278, 278, 278, 278, 278, 278, 278, 278]","[565, 567, 569, 573, 578, 583, 588, 594, 601, 609, 620, 631, 642, 651, 661, 669, 677, 684, 690, 697, 703, 708, 712, 716, 719, 722, 723, 724, 725, 725, 726, 726, 727, 728, 728, 729, 730, 730, 732, 732, 733, 734, 735, 737, 737, 738, 739, 739, 741, 741, 742, 742, 743, 743, 744]"
1,"[491, 491, 491, 491, 491, 491, 491, 491, 491, 491, 491, 491, 491, 491, 491, 491, 491, 491, 491, 491, 491, 491, 493, 493, 494, 494, 495, 495, 495, 496, 496, 496, 497, 497, 497, 498, 498, 499, 499, 499, 499, 499, 499, 500, 500, 501, 501, 502, 502, 502, 502, 502]","[223, 225, 227, 230, 233, 237, 240, 244, 248, 251, 255, 259, 265, 269, 274, 280, 286, 293, 299, 304, 309, 315, 332, 337, 343, 350, 358, 363, 367, 373, 377, 383, 388, 394, 399, 405, 409, 412, 416, 418, 420, 422, 425, 427, 429, 431, 432, 435, 436, 438, 440, 441]"
1,"[392, 392, 392, 392, 392, 393, 395, 396, 397, 397, 398, 398, 398, 398, 398, 398, 398, 398, 398, 397, 397, 396, 395, 395, 394, 394, 394, 394, 394, 394, 394, 393, 393, 393, 393, 393, 393]","[392, 394, 399, 406, 413, 422, 439, 453, 468, 481, 493, 506, 520, 532, 542, 553, 562, 570, 577, 584, 589, 594, 598, 601, 605, 608, 612, 615, 618, 620, 623, 624, 625, 626, 626, 627, 627]"
1,"[393, 393, 393, 393, 393, 393, 393, 393, 394, 394, 395, 395, 396, 396, 397, 397, 398, 400, 402, 402, 403, 403, 403, 403, 403, 403, 403, 403, 403, 403, 403, 403, 403, 403, 403, 403, 403, 403, 403, 403, 403, 403, 403, 403, 403, 403, 403, 403, 403, 403, 403, 403, 403, 403, 403, 403, 403, 403, 403, 403, 403, 403, 403, 403, 403, 403, 403, 403]","[629, 630, 631, 633, 638, 645, 651, 660, 672, 683, 699, 714, 727, 743, 761, 771, 777, 777, 776, 776, 774, 774, 772, 772, 770, 770, 770, 767, 768, 767, 768, 767, 768, 768, 767, 768, 767, 768, 767, 768, 768, 767, 768, 767, 768, 767, 768, 768, 768, 768, 768, 768, 768, 768, 768, 768, 768, 769, 768, 768, 768, 767, 768, 767, 768, 768, 767, 768]"
1,"[334, 334, 334, 334, 334, 334, 334, 334, 334, 334, 334, 334, 334, 335, 336, 337, 338, 339, 340, 340, 340, 341, 342, 342, 343, 344, 344, 344, 344, 344, 345, 345, 345, 346, 346, 346, 346, 346, 346, 346, 346, 346, 346, 346, 346, 346, 346, 346, 346, 346, 346, 346, 346, 346, 346, 346, 346, 346]","[604, 608, 613, 621, 629, 635, 642, 652, 664, 675, 684, 696, 705, 712, 718, 725, 732, 737, 742, 746, 749, 752, 755, 758, 761, 765, 768, 769, 770, 768, 768, 770, 768, 769, 769, 768, 769, 768, 768, 768, 768, 768, 769, 770, 769, 769, 769, 768, 769, 768, 767, 769, 768, 769, 768, 767, 768, 767]"
1,"[480, 480, 480, 480, 480, 480, 480, 480, 480, 480, 480, 480, 480, 480, 480, 480, 480, 480, 480, 480, 480, 480, 480, 480, 480, 480, 480, 480, 480, 480, 480, 480, 480, 480, 480, 480, 480, 480, 480, 480, 480, 480, 480, 478, 477, 477, 476, 475, 475, 475, 474, 474, 473, 473, 473, 473, 473, 473, 473, 472, 472, 472, 472]","[288, 290, 293, 297, 300, 304, 306, 309, 313, 317, 323, 328, 332, 337, 343, 347, 350, 353, 357, 360, 364, 367, 370, 373, 376, 380, 383, 386, 387, 389, 390, 392, 392, 393, 395, 395, 396, 398, 399, 400, 402, 404, 406, 409, 413, 416, 419, 419, 420, 422, 423, 424, 424, 425, 425, 426, 426, 427, 428, 429, 429, 430, 431]"
1,"[483, 483, 482, 482, 481, 481, 481, 481, 479, 476, 475, 475, 474, 474, 474, 474, 474, 474, 474, 474, 474, 474, 474, 474, 474, 473, 473, 473, 473, 473, 473, 473, 473, 473, 473, 473, 473, 473, 473, 473, 473, 473, 473, 473, 473, 473, 473, 473, 473, 473, 473, 473, 473, 473, 473, 473, 473, 473, 473, 473]","[293, 297, 305, 317, 326, 350, 375, 426, 457, 485, 503, 513, 520, 523, 525, 526, 527, 528, 528, 529, 529, 530, 530, 531, 532, 532, 533, 534, 534, 535, 536, 536, 537, 537, 538, 538, 539, 540, 541, 541, 543, 543, 544, 545, 546, 546, 547, 548, 548, 549, 550, 550, 551, 551, 552, 553, 554, 554, 555, 555]"
1,"[435, 435, 435, 435, 435, 435, 435, 435, 435, 435, 435, 435, 435, 435, 435, 435, 435, 435, 435, 435, 435, 435, 436, 436, 436, 436, 436, 436, 437, 437, 437, 437, 437, 437, 437, 437, 437, 437, 437, 437, 437, 437, 437, 437, 437, 437, 437, 437, 437, 437]","[234, 237, 240, 245, 249, 252, 257, 264, 269, 274, 280, 292, 301, 309, 318, 326, 336, 341, 348, 352, 356, 360, 365, 368, 371, 374, 379, 384, 391, 396, 400, 405, 410, 414, 418, 422, 425, 426, 428, 429, 430, 431, 432, 433, 433, 434, 435, 435, 436, 436]"
1,"[263, 263, 263, 263, 263, 263, 263, 263, 262, 262, 262, 261, 261, 260, 260, 260, 259, 259, 258, 258, 258, 258, 258, 258, 258, 258, 258, 258, 258, 258, 258, 258, 258, 258, 258, 258, 258, 258, 258, 258, 258, 258, 257, 257, 257, 257, 257, 257, 257, 257, 257, 257, 257, 257, 257, 257, 257, 257, 257, 257, 257, 257, 257, 257, 257, 257, 257, 257, 257]","[694, 695, 697, 699, 702, 706, 712, 718, 725, 731, 743, 753, 763, 773, 779, 778, 776, 777, 776, 777, 772, 772, 772, 770, 770, 768, 769, 767, 768, 768, 767, 768, 767, 768, 767, 768, 768, 767, 768, 767, 769, 767, 768, 769, 769, 769, 769, 768, 767, 768, 768, 768, 767, 768, 768, 767, 768, 768, 767, 768, 767, 768, 769, 768, 768, 768, 767, 768, 768]"
1,"[482, 482, 482, 482, 482, 482, 482, 482, 482, 482, 482, 482, 482, 482, 482, 482, 483, 483, 483, 483, 483, 483, 483, 483, 483, 483, 483, 483, 483, 483, 483, 483, 483, 483, 483, 483, 483, 483, 483, 483, 483, 483, 483, 483, 483, 483, 483]","[221, 224, 228, 233, 237, 241, 247, 255, 269, 284, 297, 309, 317, 326, 334, 342, 349, 355, 361, 369, 376, 383, 387, 391, 394, 397, 401, 406, 411, 415, 419, 423, 426, 428, 430, 430, 431, 431, 432, 432, 433, 434, 435, 437, 438, 439, 439]"
1,"[407, 407, 407, 406, 406, 406, 406, 405, 405, 405, 405, 405, 405, 405, 407, 407, 408, 408, 408, 408, 408, 408, 408, 408, 408, 408, 408, 408, 408, 408, 408, 408, 408, 408, 408, 408, 408, 408, 408, 408, 408, 408, 408, 408, 408, 408, 408, 408, 408, 408, 408, 408, 408, 408, 408, 408, 408, 408, 408, 408, 408, 408, 408, 407, 407, 406, 406, 406, 406, 406, 406, 406, 406, 406]","[301, 303, 306, 310, 315, 321, 329, 334, 340, 349, 360, 369, 376, 384, 395, 402, 410, 414, 419, 422, 425, 427, 430, 431, 433, 434, 435, 436, 437, 438, 439, 440, 440, 441, 442, 443, 444, 445, 446, 446, 447, 448, 449, 450, 450, 452, 452, 453, 453, 454, 454, 455, 456, 456, 457, 458, 458, 460, 460, 461, 461, 463, 464, 467, 471, 477, 480, 482, 483, 484, 485, 485, 486, 487]"
1,"[410, 410, 407, 406, 404, 402, 401, 399, 399, 397, 396, 394, 393, 392, 392, 391, 390, 390, 390, 390, 390, 390, 390, 390, 390, 390, 390, 390, 390, 390, 390, 390, 390, 390]","[307, 310, 317, 327, 338, 351, 372, 390, 417, 442, 462, 482, 502, 519, 532, 543, 553, 560, 566, 571, 575, 578, 583, 589, 593, 596, 601, 605, 607, 608, 609, 610, 610, 611]"
1,"[456, 456, 455, 455, 455, 455, 455, 455, 455, 455, 455, 455, 455, 455, 455, 455, 455, 455, 455, 456, 456, 456, 456, 456, 456, 456, 456, 456, 456, 456, 456, 456, 456, 456, 456, 456, 456, 456, 456, 456, 456, 456, 456, 456]","[292, 297, 304, 312, 319, 327, 343, 359, 384, 414, 439, 458, 471, 482, 490, 500, 508, 515, 519, 522, 525, 527, 530, 531, 531, 533, 535, 538, 540, 542, 543, 544, 545, 546, 547, 547, 548, 548, 549, 550, 550, 551, 551, 552]"
1,"[268, 268, 267, 265, 264, 263, 262, 260, 259, 259, 256, 256, 255, 254, 254, 253, 253, 252, 252, 252, 252, 251, 251, 251, 251, 251, 251, 251, 251, 251, 251, 251, 251, 251, 251, 251, 251, 251, 251, 251, 251, 251, 251, 251, 250, 250, 250, 250, 250, 250, 250, 250]","[709, 713, 718, 725, 734, 740, 754, 767, 782, 785, 793, 780, 781, 784, 779, 778, 779, 781, 779, 775, 774, 774, 773, 774, 773, 771, 771, 770, 770, 769, 768, 770, 770, 769, 770, 769, 768, 768, 768, 767, 768, 767, 769, 767, 769, 767, 768, 768, 767, 768, 768, 767]"
2,"[374, 365, 346, 303, 265, 210, 170, 136, 112, 101, 95, 90, 87, 87, 97, 117, 161, 216, 269, 313, 351, 376, 398, 416, 442, 455, 465, 465, 455, 437, 403, 361, 321, 219, 183, 153, 124, 105, 93, 88, 85, 83, 79, 79, 83, 95, 115, 147, 197, 236, 277, 329, 369, 418, 456, 501, 538, 582, 618, 648, 674, 692, 703, 709, 715, 721, 724, 727, 728, 728]","[713, 713, 713, 714, 714, 714, 714, 712, 706, 700, 697, 693, 684, 674, 655, 634, 606, 584, 570, 568, 568, 575, 589, 607, 645, 681, 742, 791, 815, 816, 824, 824, 809, 873, 798, 788, 781, 772, 768, 767, 767, 767, 758, 743, 728, 711, 694, 674, 656, 651, 651, 656, 665, 676, 689, 699, 704, 708, 708, 708, 704, 696, 689, 684, 677, 667, 658, 650, 646, 640]"
2,"[230, 227, 216, 202, 161, 122, 69, 31, 3, -21, -15, -8, -8, -3, 0, 5, 12, 32, 61, 101, 135, 163, 188, 202, 224, 244, 262, 271, 276, 276, 269, 251, 233, 209, 175, 138, 106, 78, 53, 25, 7, -5, -9, -4, -6, -2, 4, 16, 33, 53, 80, 114, 153, 187, 227, 263, 304, 337, 373, 408, 431, 453, 475, 493, 503, 511, 517, 520, 522]","[211, 211, 215, 219, 230, 237, 243, 245, 245, 240, 232, 226, 213, 201, 187, 173, 163, 150, 134, 123, 118, 118, 126, 138, 162, 194, 248, 299, 362, 405, 450, 502, 539, 581, 628, 682, 716, 739, 753, 765, 769, 768, 766, 763, 754, 739, 715, 694, 674, 657, 640, 624, 617, 615, 615, 615, 616, 620, 620, 620, 618, 612, 603, 595, 588, 582, 574, 571, 566]"
2,"[315, 312, 305, 293, 282, 252, 229, 187, 152, 123, 96, 72, 62, 52, 39, 34, 33, 33, 33, 40, 48, 55, 71, 99, 120, 159, 187, 217, 245, 262, 274, 287, 310, 333, 348, 362, 368, 368, 361, 352, 340, 331, 321, 307, 289, 262, 227, 203, 171, 147, 132, 119, 109, 98, 91, 86, 82, 81, 81, 82, 87, 95, 109, 129, 161, 191, 225, 257, 285, 312, 338, 362, 379, 398, 415, 427, 438, 447, 455, 463, 468, 471, 472, 473, 473, 473, 473, 473, 473, 473, 473, 473]","[712, 713, 716, 719, 724, 731, 734, 740, 740, 737, 729, 717, 709, 697, 674, 654, 641, 631, 624, 612, 605, 598, 592, 584, 579, 575, 575, 575, 577, 584, 589, 603, 631, 671, 712, 772, 832, 813, 820, 807, 803, 785, 777, 783, 783, 786, 787, 780, 775, 773, 767, 767, 764, 758, 753, 748, 740, 729, 721, 713, 708, 702, 698, 696, 696, 704, 716, 724, 734, 742, 747, 751, 753, 753, 753, 751, 745, 737, 726, 713, 699, 689, 679, 674, 668, 665, 662, 660, 659, 657, 656, 654]"
2,"[316, 310, 300, 287, 263, 232, 198, 156, 113, 82, 56, 33, 21, 6, -1, -1, 3, 5, 21, 36, 55, 78, 113, 138, 160, 191, 215, 245, 270, 289, 301, 316, 329, 337, 343, 345, 345, 343, 333, 322, 302, 279, 246, 208, 157, 120, 82, 53, 36, 22, 12, 1, -8, -9, -9, -4, 0, 0, 1, 3, 7, 12, 50, 70, 104, 126, 143, 163, 191, 211, 234, 256, 278, 300, 322, 341, 357, 368, 379, 390, 400, 408, 417, 425, 434, 437]","[709, 709, 709, 709, 709, 706, 703, 696, 684, 673, 660, 642, 629, 605, 585, 565, 549, 542, 525, 511, 499, 488, 482, 479, 479, 481, 485, 494, 505, 516, 526, 545, 569, 587, 614, 641, 666, 692, 722, 743, 770, 793, 795, 793, 798, 783, 780, 774, 768, 767, 767, 764, 757, 747, 721, 700, 688, 678, 669, 664, 659, 655, 637, 630, 625, 624, 624, 625, 634, 642, 651, 659, 666, 673, 679, 685, 688, 692, 694, 696, 697, 697, 697, 697, 696, 695]"
2,"[354, 350, 341, 330, 319, 300, 277, 263, 245, 226, 214, 205, 197, 190, 188, 188, 189, 193, 199, 209, 230, 262, 298, 339, 374, 411, 435, 456, 476, 490, 503, 507, 507, 504, 490, 468, 450, 426, 401, 383, 367, 345, 306, 261, 215, 178, 152, 136, 121, 109, 109, 109, 112, 117, 128, 148, 187, 228, 273, 311, 342, 363, 381, 394, 405, 414, 423, 432, 439, 445, 450, 455, 458, 462, 465, 468, 472, 476, 481]","[197, 197, 199, 201, 204, 208, 209, 210, 210, 207, 202, 194, 184, 171, 161, 149, 139, 132, 126, 119, 111, 102, 99, 99, 107, 127, 143, 164, 187, 211, 250, 291, 343, 387, 438, 490, 525, 577, 615, 640, 656, 673, 688, 695, 695, 689, 678, 666, 641, 606, 581, 565, 555, 548, 540, 534, 531, 531, 537, 550, 564, 576, 586, 592, 598, 604, 608, 612, 615, 618, 619, 620, 620, 620, 620, 620, 618, 616, 611]"
2,"[250, 245, 235, 225, 196, 168, 144, 131, 122, 118, 111, 111, 118, 134, 155, 183, 212, 256, 291, 329, 363, 392, 423, 451, 476, 489, 499, 499, 496, 490, 475, 454, 430, 400, 370, 342, 315, 288, 243, 202, 157, 132, 115, 105, 99, 91, 88, 92, 105, 117, 141, 184, 255, 317, 382, 439, 485, 524, 551, 572, 583, 594, 604, 614, 623, 629, 633, 637, 640]","[368, 369, 371, 372, 375, 377, 377, 374, 369, 364, 346, 322, 297, 272, 252, 231, 214, 198, 191, 190, 192, 200, 212, 246, 288, 324, 375, 421, 481, 520, 567, 622, 672, 723, 768, 801, 796, 787, 791, 780, 772, 767, 766, 760, 755, 739, 716, 692, 670, 658, 644, 630, 628, 631, 646, 664, 680, 694, 701, 707, 709, 709, 709, 705, 701, 697, 692, 685, 680]"
2,"[522, 514, 503, 489, 457, 429, 394, 359, 335, 317, 296, 277, 270, 270, 276, 281, 285, 289, 297, 306, 319, 335, 351, 367, 382, 403, 418, 433, 452, 466, 475, 483, 490, 492, 492, 488, 472, 447, 424, 398, 367, 332, 290, 254, 211, 166, 128, 87, 62, 50, 40, 34, 27, 26, 33, 48, 60, 70, 89, 117, 157, 203, 250, 299, 356, 404, 445, 480, 503, 524, 546, 561, 572, 583, 592, 600, 609, 617, 622, 625, 627, 628, 629, 629]","[709, 710, 711, 711, 711, 710, 703, 691, 678, 660, 630, 591, 559, 529, 497, 478, 469, 464, 459, 456, 455, 455, 458, 463, 469, 479, 493, 508, 536, 564, 587, 619, 654, 692, 728, 762, 806, 814, 805, 803, 805, 804, 809, 798, 792, 786, 778, 771, 767, 763, 758, 750, 732, 707, 677, 651, 636, 626, 616, 604, 597, 597, 603, 617, 631, 645, 658, 665, 669, 673, 673, 673, 672, 669, 663, 657, 647, 637, 628, 621, 617, 612, 608, 606]"
2,"[300, 295, 284, 256, 225, 194, 164, 123, 89, 67, 48, 34, 27, 20, 16, 14, 14, 14, 18, 25, 36, 49, 71, 93, 111, 123, 137, 149, 160, 168, 174, 181, 186, 189, 189, 182, 168, 157, 149, 138, 129, 116, 106, 97, 87, 70, 52, 29, 11, -7, -13, -8, -5, -2, -2, -2, 0, 3, 10, 20, 45, 84, 134, 173, 217, 250, 278, 309, 335, 352, 371, 388, 400, 408, 415, 421, 427, 432, 437, 440, 444]","[710, 712, 715, 722, 727, 731, 732, 732, 728, 721, 711, 701, 692, 683, 673, 670, 662, 659, 654, 647, 641, 634, 626, 619, 616, 614, 614, 615, 617, 621, 626, 636, 655, 689, 721, 774, 821, 808, 794, 795, 787, 784, 781, 777, 778, 777, 777, 776, 771, 768, 767, 766, 763, 761, 759, 754, 748, 737, 725, 716, 702, 687, 675, 672, 670, 670, 672, 675, 678, 680, 680, 680, 680, 680, 677, 673, 666, 660, 653, 646, 637]"
2,"[289, 285, 278, 270, 258, 237, 209, 184, 166, 155, 145, 140, 139, 140, 145, 149, 156, 175, 198, 214, 239, 267, 289, 312, 339, 358, 370, 376, 378, 378, 374, 367, 358, 348, 336, 321, 298, 255, 202, 152, 122, 93, 80, 69, 63, 59, 54, 52, 55, 68, 86, 128, 190, 236, 282, 323, 358, 387, 407, 418, 426, 432, 437, 439, 440, 442, 444, 446]","[287, 287, 289, 291, 292, 294, 292, 284, 272, 262, 245, 229, 217, 208, 201, 196, 191, 183, 180, 180, 180, 189, 207, 235, 275, 320, 373, 434, 472, 507, 534, 566, 593, 609, 626, 646, 665, 693, 719, 737, 747, 752, 753, 753, 753, 752, 745, 732, 714, 695, 679, 658, 643, 640, 640, 648, 656, 665, 672, 675, 677, 680, 681, 682, 682, 682, 682, 682]"
2,"[380, 375, 367, 358, 347, 335, 314, 298, 273, 248, 232, 216, 202, 201, 201, 209, 221, 230, 239, 245, 252, 261, 270, 283, 296, 314, 329, 343, 363, 375, 385, 398, 415, 427, 437, 439, 439, 433, 425, 412, 394, 375, 355, 337, 315, 285, 243, 208, 173, 156, 144, 137, 133, 129, 126, 124, 124, 124, 127, 134, 144, 174, 209, 242, 280, 309, 338, 363, 389, 430, 460, 492, 510, 523, 528, 535, 539, 543, 546, 549, 550, 551, 551, 551]","[711, 711, 711, 712, 712, 712, 710, 705, 696, 681, 670, 648, 615, 584, 549, 526, 502, 489, 480, 475, 470, 464, 461, 459, 458, 457, 457, 457, 459, 465, 473, 488, 518, 549, 604, 656, 702, 734, 761, 788, 794, 792, 786, 783, 785, 784, 786, 776, 768, 767, 766, 762, 757, 751, 745, 739, 734, 730, 726, 720, 712, 703, 695, 693, 693, 697, 701, 705, 708, 709, 709, 705, 701, 696, 693, 688, 684, 679, 674, 670, 668, 667, 666, 666]"
2,"[285, 284, 279, 267, 255, 230, 208, 194, 168, 160, 156, 156, 156, 165, 177, 187, 196, 212, 239, 309, 331, 347, 359, 376, 393, 400, 406, 406, 403, 400, 387, 370, 346, 319, 287, 262, 232, 199, 168, 129, 98, 82, 71, 64, 61, 59, 57, 57, 65, 81, 109, 141, 168, 203, 226, 245, 274, 298, 318, 337, 356, 369, 377, 384, 390, 397, 404, 411, 416, 420, 422, 424, 425]","[399, 399, 399, 400, 401, 404, 404, 401, 385, 375, 364, 348, 341, 321, 306, 297, 288, 279, 273, 273, 278, 285, 298, 323, 367, 401, 459, 505, 552, 578, 621, 663, 710, 751, 797, 796, 800, 795, 790, 788, 777, 772, 770, 767, 767, 765, 758, 746, 728, 710, 689, 672, 662, 655, 654, 654, 657, 663, 670, 676, 681, 685, 686, 687, 687, 687, 686, 682, 678, 675, 673, 671, 669]"
2,"[370, 367, 361, 349, 308, 265, 213, 172, 103, 95, 88, 80, 80, 85, 88, 114, 136, 155, 183, 210, 230, 257, 287, 309, 332, 356, 381, 394, 404, 408, 405, 395, 385, 367, 347, 323, 305, 284, 262, 232, 196, 169, 156, 147, 142, 138, 136, 135, 137, 145, 181, 207, 228, 244, 266, 282, 299, 307, 314, 322, 329, 336, 344, 354, 361, 365, 368, 369, 369, 370]","[710, 710, 711, 712, 716, 718, 715, 706, 674, 666, 654, 626, 612, 596, 590, 566, 548, 536, 527, 520, 518, 518, 518, 522, 542, 575, 623, 658, 714, 761, 811, 812, 802, 814, 802, 800, 791, 788, 787, 784, 782, 773, 769, 767, 766, 763, 756, 744, 731, 718, 686, 673, 664, 659, 653, 650, 644, 640, 636, 632, 627, 620, 612, 598, 585, 577, 571, 569, 567, 567]"
2,"[335, 341, 354, 376, 401, 438, 465, 492, 512, 525, 532, 545, 558, 565, 566, 560, 545, 519, 495, 457, 419, 373, 332, 282, 243, 214, 195, 186, 181, 180, 178, 177, 177, 177, 179, 193, 218, 277, 339, 412, 488, 561, 629, 686, 740, 786, 827, 862, 898, 919, 932, 939, 946, 949, 951, 953, 953, 955, 955, 956, 956]","[354, 349, 343, 333, 324, 317, 312, 312, 314, 320, 326, 343, 379, 409, 439, 474, 515, 563, 598, 642, 684, 732, 767, 813, 803, 795, 788, 776, 772, 769, 769, 769, 767, 768, 767, 767, 766, 753, 735, 711, 683, 661, 640, 624, 606, 590, 577, 569, 558, 552, 547, 544, 542, 540, 539, 538, 538, 538, 537, 537, 537]"
2,"[525, 525, 525, 525, 525, 527, 531, 536, 547, 561, 579, 593, 619, 642, 655, 668, 681, 696, 712, 721, 721, 718, 708, 697, 678, 654, 622, 598, 561, 531, 469, 457, 451, 447, 445, 444, 444, 445, 450, 474, 514, 575, 641, 701, 769, 829, 892, 938, 996, 1034, 1080, 1113, 1136, 1148, 1158, 1164, 1167, 1168, 1170, 1170]","[683, 683, 682, 680, 678, 673, 668, 664, 656, 649, 641, 636, 633, 632, 632, 634, 642, 662, 693, 728, 766, 808, 820, 810, 814, 810, 818, 802, 816, 813, 859, 786, 778, 772, 770, 769, 769, 768, 769, 767, 762, 750, 725, 702, 679, 656, 633, 615, 595, 584, 568, 556, 547, 541, 537, 534, 533, 533, 532, 531]"
2,"[368, 377, 391, 417, 437, 458, 468, 483, 496, 502, 495, 483, 465, 444, 419, 396, 374, 357, 351, 348, 347, 346, 346, 346, 346, 351, 381, 455, 538, 610, 693, 759, 809, 854, 892, 918, 941, 958, 970, 980, 986, 989, 992, 994, 994, 995]","[706, 703, 699, 696, 696, 701, 707, 722, 751, 814, 836, 815, 822, 809, 807, 795, 802, 790, 775, 772, 769, 769, 769, 767, 769, 767, 767, 760, 742, 728, 712, 704, 698, 693, 689, 688, 685, 684, 683, 680, 680, 680, 679, 679, 679, 679]"
2,"[480, 479, 479, 479, 480, 483, 487, 492, 504, 522, 541, 572, 587, 600, 612, 624, 635, 644, 646, 646, 639, 619, 587, 553, 517, 478, 458, 453, 448, 445, 444, 443, 443, 447, 465, 520, 604, 694, 791, 867, 932, 989, 1031, 1060, 1093, 1109, 1117, 1120, 1122, 1124, 1125, 1126, 1126]","[709, 709, 709, 707, 704, 700, 696, 692, 685, 679, 672, 669, 669, 671, 679, 693, 713, 761, 808, 818, 812, 822, 831, 828, 834, 834, 799, 777, 773, 772, 768, 768, 769, 765, 757, 737, 706, 672, 640, 617, 596, 577, 562, 554, 545, 542, 540, 539, 538, 538, 538, 538, 538]"
2,"[428, 429, 433, 440, 463, 522, 585, 644, 688, 727, 749, 776, 802, 809, 806, 792, 772, 750, 722, 695, 670, 658, 654, 652, 650, 650, 650, 658, 680, 737, 797, 863, 912, 952, 976, 995, 1007, 1018, 1025, 1028, 1029, 1031, 1031, 1032]","[244, 240, 236, 229, 212, 178, 155, 143, 148, 164, 180, 221, 294, 360, 420, 474, 523, 568, 621, 662, 700, 719, 725, 728, 730, 732, 732, 731, 721, 701, 680, 657, 641, 630, 624, 620, 617, 614, 612, 612, 612, 611, 611, 611]"
2,"[522, 515, 503, 489, 466, 448, 431, 416, 406, 396, 389, 384, 381, 381, 381, 381, 384, 388, 391, 393, 395, 400, 407, 417, 427, 438, 453, 466, 485, 513, 540, 562, 587, 601, 605, 605, 599, 584, 569, 550, 524, 503, 483, 439, 392, 342, 308, 285, 273, 265, 258, 254, 250, 249, 249, 252, 256, 266, 287, 322, 366, 407, 449, 487, 521, 552, 573, 594, 615, 632, 644, 655, 666, 674, 680, 684, 689, 694, 698, 700, 702, 703, 703, 703, 703]","[709, 709, 709, 709, 705, 701, 695, 689, 681, 671, 658, 641, 629, 617, 609, 602, 597, 593, 588, 586, 584, 581, 578, 575, 572, 572, 572, 575, 587, 606, 637, 672, 730, 791, 809, 813, 804, 803, 796, 797, 800, 788, 786, 796, 791, 787, 774, 770, 767, 767, 767, 764, 759, 749, 737, 725, 715, 707, 696, 687, 684, 684, 688, 701, 717, 733, 745, 755, 766, 772, 770, 770, 767, 766, 763, 759, 750, 741, 728, 719, 713, 711, 709, 706, 704]"
2,"[459, 466, 477, 499, 533, 573, 612, 636, 652, 666, 675, 684, 699, 689, 675, 655, 626, 603, 577, 544, 516, 491, 478, 470, 467, 464, 463, 463, 462, 462, 462, 464, 480, 520, 581, 658, 724, 801, 883, 944, 1004, 1054, 1109, 1150, 1191, 1222, 1242, 1255, 1263, 1268, 1271, 1273, 1274, 1275, 1275, 1276]","[673, 669, 662, 653, 640, 629, 624, 621, 621, 624, 629, 639, 777, 785, 776, 781, 786, 769, 775, 776, 775, 767, 753, 741, 733, 730, 729, 730, 727, 728, 727, 727, 726, 717, 690, 657, 623, 585, 550, 525, 498, 476, 455, 440, 425, 413, 405, 399, 395, 393, 392, 392, 391, 391, 390, 390]"
2,"[1279, 1286, 1305, 1344, 1413, 1416, 1422, 1399, 1392, 1383, 1378, 1375, 1378, 1378, 1372, 1365, 1353, 1333, 1308, 1274, 1239, 1204, 1165, 1130, 1106, 1094, 1088, 1086, 1085, 1084, 1084, 1084, 1089, 1112, 1166, 1221, 1292, 1366, 1425, 1434, 1417, 1415, 1404, 1408, 1395, 1381, 1377, 1375, 1372, 1368, 1367, 1367, 1366]","[384, 376, 360, 331, 294, 266, 245, 240, 240, 242, 249, 259, 281, 320, 352, 409, 467, 527, 580, 644, 695, 747, 801, 813, 803, 784, 774, 770, 769, 768, 768, 767, 767, 766, 748, 727, 699, 669, 642, 614, 594, 572, 555, 542, 534, 530, 526, 521, 519, 518, 518, 517, 517]"
2,"[419, 420, 421, 423, 426, 431, 439, 460, 472, 489, 506, 517, 526, 533, 541, 552, 560, 562, 562, 555, 547, 531, 507, 481, 449, 417, 397, 391, 387, 385, 383, 383, 383, 390, 409, 448, 498, 550, 599, 652, 711, 772, 814, 855, 889, 909, 919, 926, 930, 933, 934, 934, 935, 936]","[364, 364, 362, 360, 357, 354, 350, 342, 337, 335, 333, 333, 333, 337, 344, 365, 395, 436, 493, 551, 596, 647, 702, 753, 819, 826, 801, 777, 773, 771, 768, 768, 767, 763, 752, 734, 712, 692, 678, 668, 658, 650, 645, 641, 638, 636, 635, 634, 634, 633, 633, 633, 633, 633]"
3,"[581, 588, 601, 630, 665, 708, 737, 765, 787, 802, 813, 820, 824, 828, 832, 832, 819, 803, 786, 766, 748, 732, 717, 697, 680, 669, 664, 662, 660, 660, 660, 670, 693, 739, 792, 860, 898, 930, 949, 960, 968, 980, 985, 988, 990, 990, 989, 981, 965, 947, 924, 897, 855, 809, 769, 727, 693, 654, 629, 614, 606, 599, 597, 594, 593, 592]","[233, 232, 228, 220, 211, 203, 197, 195, 194, 194, 194, 195, 198, 205, 216, 236, 265, 289, 316, 341, 358, 375, 389, 406, 419, 426, 429, 431, 431, 432, 433, 433, 433, 430, 426, 422, 422, 422, 425, 428, 431, 441, 447, 456, 465, 479, 494, 510, 534, 556, 578, 597, 616, 629, 638, 642, 647, 651, 652, 653, 654, 654, 654, 654, 654, 654]"
3,"[586, 586, 586, 589, 596, 615, 644, 679, 720, 750, 783, 817, 837, 849, 858, 862, 865, 867, 868, 866, 857, 847, 829, 812, 795, 785, 778, 775, 774, 773, 773, 773, 777, 792, 818, 858, 884, 911, 928, 943, 956, 969, 980, 989, 997, 1002, 1002, 1000, 992, 987, 976, 956, 938, 907, 864, 821, 783, 758, 733, 711, 696, 687, 678, 672, 669]","[704, 702, 700, 697, 690, 677, 659, 641, 626, 616, 606, 601, 599, 599, 602, 604, 608, 618, 641, 669, 702, 725, 754, 784, 793, 782, 778, 771, 770, 768, 768, 767, 767, 766, 761, 754, 751, 751, 751, 752, 756, 761, 769, 776, 780, 784, 786, 793, 794, 779, 786, 790, 785, 792, 799, 794, 788, 778, 775, 773, 769, 769, 768, 767, 767]"
3,"[652, 655, 662, 671, 676, 682, 689, 697, 705, 712, 719, 726, 732, 738, 746, 751, 755, 759, 762, 768, 774, 780, 785, 788, 792, 794, 795, 796, 797, 797, 798, 800, 801, 802, 804, 806, 806, 807, 808, 809, 809, 810, 811, 811, 812, 813, 813, 813, 813, 813, 813, 814, 814, 814, 814, 814, 814, 814, 814, 814, 814, 814, 815, 818, 824, 831, 842, 853, 864, 875, 899, 916, 928, 939, 947, 953, 959, 968, 974, 974, 972, 965, 957, 951, 945, 942, 938, 933, 928, 925, 923, 922, 922, 922, 922, 923, 930, 944, 964, 1001, 1028, 1069, 1100, 1119, 1134, 1143, 1151, 1157, 1163, 1165, 1165, 1161, 1139, 1118, 1100, 1072, 1028, 998, 973, 953, 942, 935, 932, 929, 928, 927, 926, 926, 925]","[692, 692, 692, 694, 695, 698, 701, 706, 710, 714, 721, 726, 732, 737, 742, 746, 750, 753, 755, 759, 763, 767, 770, 770, 768, 768, 768, 767, 768, 767, 768, 767, 767, 767, 767, 767, 767, 767, 767, 767, 767, 767, 767, 767, 767, 767, 767, 767, 765, 764, 762, 761, 760, 760, 759, 759, 758, 758, 757, 756, 755, 754, 751, 746, 740, 735, 726, 720, 713, 709, 705, 702, 701, 701, 702, 705, 710, 727, 749, 779, 790, 791, 792, 782, 777, 774, 774, 776, 775, 772, 770, 769, 767, 768, 767, 767, 767, 767, 767, 765, 765, 765, 767, 773, 773, 772, 774, 777, 779, 784, 789, 788, 817, 795, 783, 790, 784, 775, 770, 767, 767, 767, 767, 767, 767, 767, 767, 767, 767]"
3,"[503, 506, 514, 539, 585, 648, 696, 737, 768, 789, 801, 812, 819, 824, 828, 830, 830, 820, 803, 777, 757, 740, 731, 727, 724, 723, 722, 721, 721, 722, 731, 746, 816, 857, 892, 914, 931, 944, 955, 964, 969, 975, 978, 980, 980, 976, 963, 951, 936, 914, 892, 868, 838, 809, 780, 747, 725, 708, 695, 683, 676, 672, 670, 668]","[267, 262, 256, 238, 208, 178, 157, 142, 137, 134, 134, 134, 136, 138, 140, 144, 166, 197, 228, 262, 294, 316, 326, 332, 336, 337, 339, 339, 340, 340, 341, 342, 342, 342, 342, 342, 342, 344, 348, 354, 359, 366, 376, 387, 403, 422, 448, 469, 489, 512, 535, 554, 573, 588, 602, 616, 622, 627, 630, 631, 632, 632, 632, 632]"
3,"[443, 443, 443, 443, 448, 454, 473, 491, 504, 523, 547, 560, 574, 582, 588, 593, 599, 603, 603, 599, 587, 571, 552, 541, 531, 524, 519, 517, 515, 514, 514, 516, 530, 551, 579, 596, 610, 622, 631, 638, 642, 645, 649, 651, 654, 654, 650, 638, 618, 598, 570, 540, 508, 483, 464, 448, 438, 429, 422, 416, 414]","[156, 155, 155, 153, 149, 144, 132, 120, 115, 109, 105, 104, 104, 105, 109, 115, 124, 141, 158, 192, 227, 256, 289, 309, 323, 332, 339, 343, 345, 347, 347, 348, 348, 346, 345, 343, 343, 343, 344, 346, 349, 352, 356, 362, 372, 384, 395, 416, 445, 464, 489, 508, 528, 536, 541, 545, 546, 546, 546, 546, 546]"
3,"[390, 390, 394, 402, 427, 472, 517, 566, 596, 620, 638, 653, 661, 667, 672, 677, 679, 678, 669, 656, 638, 620, 599, 586, 580, 576, 573, 571, 570, 570, 570, 571, 579, 595, 620, 634, 650, 664, 675, 680, 686, 691, 696, 700, 703, 703, 700, 690, 666, 636, 608, 580, 548, 520, 494, 481, 469, 463, 459, 457, 455, 454, 453]","[233, 232, 229, 222, 206, 185, 163, 146, 136, 131, 129, 129, 130, 134, 141, 155, 173, 191, 213, 239, 269, 294, 317, 334, 340, 345, 348, 350, 351, 351, 352, 352, 352, 352, 352, 352, 352, 353, 355, 357, 361, 365, 372, 382, 399, 414, 433, 456, 489, 523, 547, 568, 586, 596, 600, 604, 606, 606, 607, 607, 607, 607, 607]"
3,"[443, 445, 455, 482, 544, 586, 626, 660, 676, 692, 703, 710, 716, 722, 723, 722, 712, 697, 675, 662, 647, 639, 634, 632, 631, 630, 630, 630, 634, 647, 667, 682, 694, 706, 714, 722, 727, 731, 734, 737, 738, 737, 717, 705, 688, 666, 648, 613, 574, 517, 482, 456, 436, 427, 424, 421, 419, 418]","[221, 218, 211, 196, 173, 158, 147, 144, 144, 145, 150, 155, 164, 178, 192, 215, 245, 282, 317, 336, 355, 365, 372, 375, 376, 377, 377, 378, 378, 378, 378, 378, 378, 378, 380, 383, 387, 392, 399, 407, 418, 428, 476, 497, 519, 543, 559, 583, 600, 618, 625, 630, 631, 632, 632, 632, 632, 632]"
3,"[608, 615, 630, 672, 743, 804, 871, 913, 940, 953, 960, 965, 971, 973, 971, 961, 947, 931, 907, 881, 861, 847, 835, 827, 825, 823, 821, 821, 821, 821, 830, 845, 865, 890, 903, 912, 921, 926, 930, 931, 934, 935, 935, 934, 927, 905, 882, 857, 826, 798, 760, 724, 695, 663, 638, 619, 602, 589, 577, 569, 564, 562]","[205, 200, 190, 173, 141, 116, 103, 98, 98, 99, 103, 108, 122, 145, 170, 198, 229, 263, 296, 329, 357, 372, 383, 388, 391, 393, 394, 394, 395, 395, 396, 396, 396, 396, 396, 397, 399, 400, 402, 404, 407, 411, 420, 433, 447, 480, 510, 539, 568, 593, 615, 630, 636, 641, 643, 643, 643, 643, 643, 641, 640, 640]"
3,"[462, 462, 462, 462, 462, 464, 469, 486, 516, 577, 624, 684, 730, 778, 817, 844, 864, 876, 884, 889, 895, 897, 897, 893, 881, 867, 846, 829, 815, 801, 787, 778, 772, 768, 767, 766, 766, 767, 775, 792, 814, 840, 853, 865, 876, 883, 887, 890, 893, 894, 895, 895, 893, 886, 862, 833, 793, 747, 688, 640, 594, 554, 531, 519, 508, 504, 501, 498, 496, 494]","[197, 196, 196, 195, 193, 190, 184, 171, 149, 120, 98, 78, 64, 55, 51, 51, 51, 54, 58, 61, 70, 87, 102, 123, 149, 173, 203, 223, 238, 253, 265, 273, 278, 281, 283, 283, 284, 284, 284, 283, 282, 279, 279, 279, 279, 279, 280, 282, 284, 288, 292, 300, 311, 325, 358, 390, 427, 464, 499, 521, 535, 544, 547, 548, 548, 548, 548, 548, 548, 548]"
3,"[364, 368, 375, 398, 452, 500, 560, 601, 642, 666, 680, 692, 700, 712, 726, 734, 736, 734, 727, 716, 704, 688, 675, 667, 657, 647, 638, 635, 632, 631, 630, 631, 641, 653, 682, 701, 715, 729, 740, 745, 750, 753, 756, 758, 758, 757, 747, 728, 714, 700, 685, 663, 624, 580, 540, 506, 486, 474, 466, 461, 460, 458, 457, 456, 456, 454]","[705, 701, 695, 679, 648, 622, 599, 584, 573, 573, 575, 579, 584, 598, 632, 667, 700, 723, 755, 785, 786, 789, 782, 777, 776, 775, 775, 769, 770, 767, 768, 767, 766, 764, 759, 759, 759, 759, 761, 762, 764, 767, 773, 775, 779, 784, 795, 806, 791, 789, 779, 784, 786, 782, 776, 773, 768, 768, 767, 768, 767, 767, 767, 767, 767, 767]"
3,"[534, 545, 562, 596, 646, 684, 714, 738, 750, 758, 763, 766, 766, 766, 761, 746, 723, 702, 684, 674, 668, 664, 663, 662, 662, 662, 666, 688, 747, 793, 839, 867, 885, 900, 912, 921, 926, 929, 929, 929, 928, 924, 916, 901, 873, 822, 772, 706, 662, 616, 589, 564, 531, 503, 469, 439, 425, 417, 412, 409, 408, 407]","[153, 151, 148, 142, 139, 137, 137, 139, 142, 146, 149, 153, 158, 169, 185, 205, 228, 249, 265, 274, 279, 282, 284, 285, 285, 286, 289, 295, 311, 324, 338, 349, 358, 365, 375, 382, 391, 399, 409, 417, 425, 432, 441, 454, 475, 505, 531, 559, 576, 590, 596, 598, 598, 595, 590, 584, 579, 576, 574, 573, 573, 573]"
3,"[423, 427, 439, 468, 514, 572, 622, 660, 696, 713, 727, 736, 742, 747, 748, 721, 698, 672, 646, 621, 591, 572, 563, 559, 556, 555, 554, 554, 558, 579, 629, 686, 747, 789, 815, 836, 845, 854, 861, 861, 859, 848, 833, 812, 781, 738, 685, 630, 584, 539, 511, 481, 464, 458, 454, 451, 450, 449]","[196, 195, 192, 185, 175, 167, 161, 160, 160, 160, 165, 170, 179, 191, 209, 273, 303, 329, 351, 372, 395, 406, 412, 415, 416, 418, 418, 418, 420, 422, 428, 432, 440, 447, 459, 471, 478, 490, 510, 524, 542, 565, 582, 605, 631, 660, 689, 707, 720, 730, 731, 731, 731, 731, 731, 731, 731, 731]"
3,"[482, 493, 512, 563, 617, 675, 711, 738, 754, 766, 772, 780, 784, 785, 780, 765, 741, 710, 675, 641, 616, 603, 596, 592, 591, 590, 590, 590, 591, 604, 645, 683, 724, 749, 763, 774, 781, 785, 789, 791, 791, 790, 777, 754, 729, 709, 682, 655, 620, 596, 578, 565, 558, 552, 550, 549, 548, 547]","[277, 273, 265, 251, 237, 229, 227, 227, 230, 234, 238, 247, 258, 281, 305, 334, 372, 408, 445, 477, 499, 510, 516, 519, 521, 523, 523, 524, 526, 533, 546, 557, 570, 577, 582, 589, 594, 599, 605, 612, 623, 641, 665, 696, 724, 741, 758, 773, 777, 773, 770, 768, 768, 767, 768, 767, 767, 767]"
3,"[641, 646, 657, 688, 749, 856, 889, 918, 938, 951, 961, 966, 970, 975, 978, 983, 984, 984, 979, 970, 960, 949, 939, 928, 920, 913, 905, 898, 894, 892, 891, 891, 893, 916, 947, 1003, 1042, 1079, 1107, 1118, 1125, 1130, 1134, 1136, 1139, 1141, 1142, 1142, 1141, 1135, 1123, 1098, 1065, 1021, 978, 946, 917, 886, 871, 859, 847, 837, 829, 825, 823, 821, 820, 820, 819, 818]","[563, 559, 551, 533, 499, 448, 437, 431, 430, 430, 431, 433, 435, 440, 447, 461, 476, 494, 516, 536, 550, 566, 580, 593, 601, 609, 616, 624, 628, 629, 630, 631, 631, 631, 627, 619, 612, 605, 603, 603, 603, 603, 606, 608, 615, 624, 630, 637, 644, 654, 671, 697, 727, 759, 789, 786, 783, 778, 774, 770, 769, 768, 768, 767, 768, 767, 768, 767, 767, 767]"
3,"[709, 717, 726, 752, 777, 811, 839, 856, 872, 888, 898, 904, 911, 915, 918, 914, 907, 894, 877, 855, 836, 824, 816, 811, 809, 807, 806, 805, 805, 805, 809, 823, 852, 890, 939, 972, 998, 1017, 1029, 1036, 1041, 1044, 1048, 1051, 1051, 1047, 1038, 1025, 1000, 970, 937, 905, 883, 865, 846, 831, 822, 812, 806, 798, 791, 787, 784]","[693, 690, 686, 678, 670, 665, 662, 662, 662, 663, 667, 671, 678, 688, 703, 729, 749, 775, 794, 792, 788, 781, 776, 772, 770, 769, 768, 769, 767, 768, 768, 768, 770, 767, 769, 769, 770, 771, 769, 770, 770, 770, 771, 775, 776, 781, 783, 783, 788, 790, 789, 784, 776, 776, 771, 769, 769, 767, 767, 767, 767, 767, 767]"
3,"[505, 513, 527, 559, 589, 636, 663, 695, 717, 727, 734, 741, 744, 741, 728, 708, 676, 649, 627, 604, 589, 580, 575, 573, 572, 571, 570, 570, 574, 595, 634, 682, 716, 743, 757, 769, 776, 781, 786, 790, 790, 786, 778, 766, 748, 723, 684, 642, 619, 603, 593, 583, 575, 568, 566, 565]","[259, 256, 251, 244, 238, 234, 234, 234, 237, 241, 246, 256, 271, 299, 328, 365, 406, 434, 462, 482, 496, 502, 507, 509, 510, 511, 511, 512, 514, 517, 523, 529, 534, 540, 545, 550, 556, 559, 567, 576, 590, 603, 621, 636, 654, 670, 691, 710, 718, 721, 723, 724, 724, 724, 724, 724]"
3,"[508, 513, 527, 569, 624, 675, 714, 734, 757, 778, 789, 795, 802, 808, 808, 803, 792, 778, 716, 698, 681, 671, 667, 663, 663, 663, 663, 672, 707, 757, 802, 835, 852, 863, 869, 874, 878, 881, 881, 874, 855, 832, 799, 773, 736, 700, 678, 650, 632, 620, 613, 608, 602, 600]","[242, 239, 231, 210, 192, 180, 177, 176, 177, 183, 188, 192, 199, 219, 238, 268, 291, 315, 381, 397, 410, 417, 419, 422, 422, 423, 424, 426, 431, 438, 446, 456, 463, 467, 471, 475, 481, 490, 502, 520, 547, 571, 596, 617, 637, 651, 657, 660, 663, 663, 663, 663, 663, 662]"
3,"[579, 610, 687, 749, 800, 845, 887, 906, 919, 930, 936, 940, 944, 946, 946, 939, 923, 899, 864, 830, 802, 782, 772, 766, 763, 762, 761, 761, 761, 765, 777, 789, 808, 822, 833, 840, 843, 845, 847, 849, 851, 851, 851, 846, 841, 834, 829, 821, 811, 799, 788, 770, 754, 743, 735, 730, 728, 726, 725]","[702, 684, 649, 628, 616, 609, 603, 603, 603, 605, 607, 611, 618, 632, 648, 672, 697, 730, 769, 801, 798, 786, 777, 772, 770, 769, 767, 768, 768, 768, 769, 768, 769, 767, 768, 768, 768, 768, 768, 770, 773, 776, 779, 779, 777, 776, 775, 774, 775, 773, 773, 773, 771, 770, 768, 768, 767, 768, 767]"
3,"[692, 704, 739, 776, 839, 881, 915, 936, 946, 953, 956, 960, 963, 964, 963, 949, 930, 902, 875, 862, 853, 849, 847, 845, 844, 844, 844, 845, 853, 878, 901, 937, 968, 993, 1010, 1021, 1030, 1036, 1040, 1042, 1042, 1038, 1025, 1009, 987, 961, 928, 896, 859, 828, 814, 802, 792, 788, 786, 784, 782, 780]","[702, 698, 692, 687, 679, 675, 672, 672, 673, 676, 678, 681, 691, 704, 719, 753, 783, 800, 796, 780, 775, 772, 771, 768, 768, 767, 768, 767, 769, 770, 768, 773, 770, 775, 772, 772, 774, 772, 775, 783, 781, 787, 793, 784, 793, 791, 791, 787, 785, 779, 772, 770, 769, 768, 767, 767, 768, 767]"
3,"[415, 417, 425, 454, 485, 542, 580, 619, 649, 669, 688, 706, 719, 727, 734, 738, 741, 737, 730, 720, 714, 706, 696, 689, 683, 680, 678, 676, 676, 675, 675, 675, 677, 692, 719, 766, 813, 858, 888, 902, 910, 916, 923, 929, 929, 929, 923, 913, 900, 886, 864, 839, 810, 774, 750, 733, 714, 701, 692, 684, 680, 677]","[697, 696, 690, 677, 663, 645, 634, 629, 627, 627, 627, 630, 634, 640, 648, 659, 674, 696, 709, 727, 738, 749, 759, 766, 770, 770, 770, 768, 768, 767, 767, 768, 767, 770, 768, 771, 771, 772, 776, 773, 773, 775, 779, 786, 782, 787, 787, 783, 786, 782, 785, 783, 782, 782, 774, 773, 771, 767, 767, 767, 767, 767]"
4,"[525, 517, 503, 462, 382, 291, 226, 152, 90, 24, -62, -72, -75, -78, -37, -12, -7, -3, -2, -1, 0, 18, 54, 101, 161, 230, 271, 317, 351, 381, 387, 400, 406, 409, 412, 412, 413, 413, 413, 413, 413, 413, 413, 413, 413, 416, 420, 425, 430, 433, 435, 437, 437, 438, 438, 438, 438, 438, 438, 438]","[216, 216, 216, 218, 233, 253, 268, 283, 293, 303, 321, 336, 353, 370, 381, 382, 383, 383, 383, 380, 368, 324, 265, 205, 133, 52, 0, -50, -42, -34, -7, -14, -5, -4, -2, -1, -1, 1, 7, 18, 31, 51, 81, 133, 192, 236, 278, 315, 346, 364, 377, 390, 398, 402, 405, 406, 407, 408, 409, 409]"
4,"[349, 345, 337, 321, 292, 262, 238, 214, 187, 162, 145, 131, 122, 118, 116, 114, 114, 114, 114, 128, 196, 263, 342, 421, 488, 559, 618, 665, 711, 748, 770, 782, 792, 801, 810, 818, 821, 821, 821, 819, 815, 813, 813, 812, 811, 811, 811, 810, 810, 810, 810, 810, 811, 811, 812, 812, 812, 812, 812, 812, 812, 813, 813, 813, 813, 813, 813]","[711, 720, 734, 768, 828, 828, 823, 814, 810, 803, 796, 784, 777, 773, 770, 769, 768, 768, 768, 770, 769, 767, 764, 755, 747, 736, 726, 719, 709, 702, 696, 691, 684, 675, 662, 640, 614, 584, 557, 528, 512, 504, 500, 497, 496, 495, 495, 502, 516, 544, 582, 636, 675, 699, 719, 733, 739, 743, 746, 748, 749, 750, 750, 751, 751, 752, 752]"
4,"[609, 608, 605, 596, 577, 533, 497, 452, 408, 366, 333, 299, 276, 261, 252, 247, 245, 243, 242, 241, 241, 242, 253, 277, 330, 401, 464, 538, 593, 650, 694, 737, 762, 782, 825, 832, 835, 836, 838, 838, 839, 839, 836, 832, 827, 822, 820, 818, 815, 814, 812, 811, 810, 810, 809, 809, 808, 807, 803, 799, 797, 795, 795, 795, 795, 795, 795, 795, 795, 795, 795, 795, 795]","[160, 163, 166, 175, 200, 252, 297, 354, 409, 461, 500, 534, 560, 575, 583, 589, 590, 593, 594, 595, 595, 596, 596, 596, 593, 585, 578, 570, 568, 564, 562, 562, 562, 559, 552, 551, 550, 550, 550, 548, 545, 541, 531, 522, 509, 498, 489, 483, 477, 475, 473, 471, 470, 469, 469, 472, 488, 508, 552, 613, 656, 700, 722, 737, 745, 750, 753, 755, 757, 759, 759, 760, 760]"
4,"[675, 674, 668, 656, 622, 557, 494, 413, 334, 264, 191, 121, 60, -9, -45, -43, -23, -9, -3, -2, -3, -1, 4, 30, 71, 112, 166, 217, 255, 286, 299, 303, 306, 306, 307, 307, 307, 308, 310, 317, 327, 341, 349, 360, 372, 383, 393, 400, 408, 412, 415, 416, 417, 417, 418, 418, 418, 419]","[292, 293, 294, 299, 311, 337, 360, 384, 408, 431, 453, 470, 482, 492, 496, 498, 499, 499, 499, 499, 496, 482, 435, 351, 261, 191, 87, 11, -50, -51, -26, -8, -4, -3, -1, 0, 1, 10, 25, 56, 131, 224, 295, 378, 436, 508, 564, 606, 636, 650, 661, 667, 670, 672, 673, 674, 674, 675]"
4,"[360, 352, 338, 292, 229, 170, 115, 69, 24, -27, -48, -49, -32, -20, -12, -7, -5, -3, -5, -5, -9, -7, 0, 0, 8, 22, 35, 44, 50, 55, 60, 63, 66, 67, 69, 69, 69, 69, 70, 71, 75, 87, 117, 150, 180, 203, 225, 241, 251, 258, 262, 264, 266, 267, 268, 268, 269, 269, 269, 269, 269, 270]","[698, 700, 705, 718, 739, 757, 776, 780, 778, 777, 779, 778, 774, 770, 769, 767, 767, 767, 765, 756, 732, 679, 619, 571, 523, 471, 436, 410, 389, 376, 368, 361, 356, 353, 350, 349, 348, 347, 347, 347, 350, 367, 418, 492, 561, 606, 653, 685, 705, 718, 727, 733, 736, 738, 740, 741, 741, 742, 743, 743, 744, 744]"
4,"[570, 567, 561, 553, 538, 515, 485, 445, 397, 345, 285, 225, 170, 118, 63, 16, -36, -47, -37, -39, -28, -19, -15, -8, -4, -3, -3, -1, -1, -1, 0, 0, 4, 21, 50, 83, 119, 157, 187, 211, 232, 238, 247, 260, 264, 268, 269, 270, 271, 271, 272, 273, 275, 282, 288, 301, 311, 323, 331, 334, 341, 346, 349, 354, 358, 362, 366, 368, 370, 372, 373, 374, 375, 375, 376, 376, 376, 376, 376, 376, 376, 376, 376]","[358, 358, 358, 358, 359, 362, 368, 376, 389, 409, 432, 451, 471, 491, 515, 535, 553, 575, 591, 608, 618, 625, 629, 633, 633, 634, 634, 635, 635, 635, 633, 628, 612, 571, 515, 461, 402, 343, 295, 259, 234, 225, 215, 202, 196, 191, 188, 187, 186, 186, 185, 189, 199, 222, 241, 282, 318, 361, 391, 407, 431, 447, 460, 473, 483, 494, 503, 510, 514, 519, 521, 523, 525, 525, 526, 527, 528, 528, 529, 529, 530, 530, 531]"
4,"[462, 456, 441, 396, 337, 251, 170, 94, 16, -70, -76, -76, -83, -59, -35, -13, -7, -3, -2, -1, -2, 0, 20, 55, 95, 148, 203, 238, 264, 277, 282, 286, 289, 290, 291, 292, 292, 292, 292, 294, 297, 303, 317, 329, 339, 349, 356, 364, 368, 372, 375, 376, 377, 378, 378, 379, 379, 379, 379, 379, 379]","[384, 384, 385, 395, 407, 429, 451, 475, 496, 518, 544, 566, 586, 600, 609, 611, 612, 612, 612, 612, 608, 589, 527, 448, 388, 320, 249, 203, 167, 148, 141, 135, 131, 129, 128, 127, 126, 126, 127, 136, 150, 199, 292, 353, 406, 454, 491, 524, 545, 557, 567, 575, 583, 587, 592, 594, 595, 596, 597, 598, 598]"
4,"[242, 240, 235, 227, 218, 191, 154, 101, 43, -16, -65, -62, -83, -80, -70, -78, -56, -42, -17, -13, -8, -4, -5, -4, -11, -2, 10, 48, 112, 175, 230, 268, 299, 305, 309, 311, 311, 312, 312, 312, 315, 323, 329, 339, 349, 359, 368, 376, 385, 391, 395, 397, 399, 399, 400, 400, 401]","[702, 702, 702, 702, 702, 705, 709, 717, 727, 743, 760, 774, 784, 785, 786, 786, 780, 770, 768, 767, 767, 767, 767, 763, 740, 683, 585, 503, 385, 301, 235, 193, 155, 146, 140, 139, 139, 138, 144, 158, 185, 262, 330, 386, 439, 490, 530, 560, 592, 614, 625, 634, 640, 642, 644, 645, 645]"
4,"[558, 556, 551, 537, 513, 490, 466, 443, 423, 406, 392, 381, 368, 359, 353, 346, 342, 339, 339, 339, 339, 344, 375, 421, 485, 538, 597, 654, 709, 759, 803, 848, 885, 914, 926, 937, 943, 946, 950, 953, 955, 955, 955, 948, 940, 932, 925, 921, 916, 915, 913, 912, 912, 912, 910, 910, 910, 912, 918, 922, 928, 931, 932, 933, 934, 934, 935, 935, 935, 935, 935, 935]","[255, 262, 276, 307, 365, 422, 475, 510, 545, 574, 596, 614, 631, 641, 650, 659, 666, 669, 671, 671, 672, 672, 668, 657, 645, 635, 623, 617, 613, 609, 603, 598, 593, 586, 583, 578, 575, 574, 571, 565, 556, 542, 526, 496, 469, 444, 425, 415, 408, 403, 401, 400, 399, 399, 406, 417, 450, 478, 523, 567, 599, 614, 629, 639, 648, 652, 654, 655, 656, 657, 658, 658]"
4,"[542, 538, 529, 513, 468, 392, 306, 211, 122, 51, -30, -80, -60, -56, -35, -18, -10, -6, -7, -9, 0, 26, 73, 144, 202, 251, 260, 286, 295, 301, 302, 303, 305, 306, 307, 309, 313, 320, 328, 336, 345, 357, 368, 375, 383, 386, 389, 391, 394, 395, 395, 395, 395, 396]","[696, 696, 697, 701, 712, 732, 758, 790, 798, 788, 791, 787, 783, 782, 773, 770, 767, 766, 760, 730, 665, 566, 483, 370, 294, 233, 223, 195, 185, 179, 178, 176, 176, 176, 176, 177, 189, 231, 274, 353, 432, 486, 529, 577, 604, 622, 642, 663, 672, 679, 684, 686, 687, 688]"
4,"[368, 361, 351, 326, 287, 205, 116, 31, -53, -87, -57, -49, -25, -9, -5, -3, -2, -1, -4, -6, 12, 36, 65, 110, 146, 174, 191, 202, 208, 212, 216, 217, 217, 217, 219, 224, 231, 246, 261, 275, 289, 298, 306, 312, 316, 319, 321, 322, 323, 323, 324, 324, 324, 324, 324, 324]","[700, 700, 704, 712, 727, 756, 787, 800, 801, 796, 787, 783, 774, 771, 767, 767, 767, 767, 753, 714, 631, 561, 497, 412, 353, 310, 281, 262, 254, 248, 240, 239, 238, 237, 241, 259, 293, 373, 456, 515, 572, 609, 634, 653, 674, 686, 696, 703, 707, 711, 713, 716, 717, 717, 718, 719]"
4,"[572, 570, 564, 558, 546, 534, 520, 507, 497, 486, 478, 470, 466, 463, 462, 461, 461, 461, 461, 461, 465, 485, 522, 569, 619, 664, 700, 738, 759, 777, 796, 809, 820, 828, 836, 843, 851, 854, 854, 845, 826, 808, 801, 797, 795, 795, 794, 794, 794, 794, 797, 807, 817, 825, 834, 837, 841, 843, 844, 845, 847, 847, 848, 849, 850, 850, 850, 850, 850]","[176, 186, 215, 242, 303, 356, 408, 446, 484, 519, 542, 559, 569, 576, 579, 582, 584, 584, 585, 585, 586, 586, 584, 576, 568, 565, 561, 560, 555, 553, 549, 547, 542, 538, 528, 512, 482, 451, 410, 341, 271, 227, 207, 198, 194, 193, 192, 196, 205, 249, 331, 384, 445, 493, 528, 553, 575, 585, 592, 598, 602, 609, 613, 620, 626, 628, 629, 631, 632]"
4,"[624, 622, 618, 607, 585, 559, 540, 522, 504, 487, 477, 468, 463, 459, 458, 457, 457, 459, 471, 508, 573, 629, 703, 761, 831, 879, 928, 958, 991, 1011, 1024, 1035, 1047, 1059, 1065, 1066, 1066, 1063, 1058, 1052, 1047, 1046, 1044, 1044, 1042, 1039, 1039, 1050, 1064, 1073, 1086, 1090, 1092, 1094, 1095, 1095, 1096, 1096, 1096, 1096, 1096]","[257, 264, 283, 326, 410, 493, 550, 610, 659, 701, 722, 742, 753, 760, 763, 765, 766, 768, 769, 767, 762, 754, 743, 735, 720, 711, 697, 687, 677, 668, 659, 647, 628, 600, 573, 548, 524, 500, 483, 472, 466, 463, 461, 461, 466, 513, 553, 617, 671, 706, 750, 771, 778, 772, 771, 768, 769, 768, 768, 767, 768]"
4,"[630, 629, 627, 623, 619, 612, 604, 593, 567, 540, 480, 431, 374, 320, 255, 195, 128, 58, -2, -68, -41, -35, -19, -10, -3, -3, -1, -1, -2, 0, 18, 45, 82, 124, 167, 209, 237, 257, 271, 279, 284, 287, 288, 289, 289, 290, 291, 296, 302, 314, 329, 344, 362, 377, 388, 398, 405, 412, 416, 419, 421, 422, 422, 422, 423, 423, 423, 423]","[304, 304, 304, 304, 304, 304, 306, 309, 315, 324, 343, 356, 373, 393, 414, 432, 451, 468, 489, 510, 523, 534, 539, 540, 541, 541, 541, 541, 534, 488, 418, 323, 254, 174, 107, 55, 19, -4, -15, -8, -5, -2, -2, -1, -1, 0, 2, 16, 35, 101, 181, 243, 305, 372, 413, 466, 501, 543, 564, 576, 584, 590, 592, 594, 596, 597, 598, 598]"
4,"[486, 479, 467, 443, 422, 404, 383, 365, 346, 330, 311, 306, 303, 302, 301, 301, 303, 320, 376, 464, 545, 609, 676, 717, 752, 774, 784, 788, 790, 792, 792, 792, 788, 776, 756, 737, 726, 718, 712, 708, 706, 705, 705, 705, 706, 716, 727, 742, 755, 762, 766, 768, 769, 770, 770, 771]","[280, 297, 330, 403, 473, 523, 580, 634, 679, 713, 750, 762, 769, 769, 769, 768, 767, 767, 758, 740, 721, 704, 689, 678, 670, 662, 660, 658, 658, 657, 656, 648, 636, 619, 596, 573, 561, 552, 547, 543, 541, 540, 540, 545, 560, 613, 659, 731, 803, 802, 790, 779, 773, 770, 768, 769]"
4,"[622, 616, 607, 581, 541, 465, 359, 256, 152, 54, -30, -74, -46, -30, -11, -6, -3, -1, -3, 0, 10, 44, 86, 142, 188, 225, 257, 274, 281, 285, 287, 288, 289, 289, 290, 292, 301, 303, 308, 314, 318, 322, 326, 329, 331, 331, 332, 332, 332, 332]","[361, 362, 365, 376, 394, 427, 469, 510, 551, 592, 626, 652, 667, 677, 681, 682, 682, 682, 681, 659, 585, 487, 410, 303, 233, 179, 132, 112, 101, 95, 94, 92, 92, 93, 102, 123, 312, 377, 450, 516, 560, 623, 686, 720, 747, 769, 774, 773, 769, 768]"
4,"[346, 326, 270, 194, 111, 11, -80, -78, -73, -69, -50, -48, -39, -21, -17, -13, -10, -9, -9, -6, 11, 39, 74, 117, 144, 162, 168, 172, 174, 176, 179, 182, 186, 189, 196, 208, 228, 247, 270, 292, 310, 324, 340, 348, 358, 366, 373, 377, 379, 380, 381, 382, 382, 382, 382]","[702, 705, 720, 741, 765, 790, 790, 788, 784, 782, 775, 772, 771, 767, 767, 767, 764, 757, 737, 679, 615, 541, 477, 405, 367, 342, 333, 327, 324, 322, 322, 321, 321, 321, 326, 346, 380, 427, 490, 558, 612, 669, 720, 750, 783, 794, 782, 781, 775, 772, 769, 768, 768, 768, 768]"
4,"[667, 656, 627, 583, 512, 438, 356, 271, 200, 126, 69, 17, -37, -41, -20, -8, -4, -4, -1, 0, -1, 0, 2, 33, 66, 114, 167, 205, 234, 240, 250, 253, 255, 256, 257, 257, 257, 258, 262, 269, 277, 288, 298, 303, 312, 317, 321, 323, 324, 325, 325, 326, 326, 326, 327]","[174, 177, 189, 210, 238, 269, 302, 338, 368, 396, 419, 434, 450, 465, 473, 476, 477, 477, 477, 477, 477, 466, 425, 336, 261, 163, 72, 7, -31, -9, -11, -6, -2, -3, 0, -1, 3, 19, 69, 169, 251, 326, 382, 413, 453, 470, 486, 494, 498, 502, 504, 505, 506, 507, 508]"
4,"[810, 810, 810, 808, 797, 782, 764, 749, 734, 727, 724, 722, 721, 721, 723, 736, 786, 857, 922, 967, 1016, 1044, 1059, 1066, 1075, 1082, 1089, 1089, 1085, 1072, 1062, 1056, 1051, 1048, 1047, 1046, 1046, 1045, 1045, 1052, 1062, 1083, 1100, 1114, 1122, 1125, 1127, 1129, 1129, 1129]","[487, 492, 503, 535, 631, 716, 810, 841, 834, 812, 788, 776, 771, 769, 767, 761, 739, 709, 686, 667, 651, 639, 633, 627, 617, 602, 583, 561, 539, 518, 504, 494, 489, 486, 484, 484, 484, 497, 535, 599, 647, 707, 748, 784, 785, 775, 772, 769, 769, 768]"
4,"[914, 914, 915, 915, 915, 913, 905, 896, 883, 873, 865, 860, 857, 857, 856, 855, 855, 855, 858, 871, 890, 924, 963, 1012, 1043, 1081, 1112, 1128, 1151, 1174, 1189, 1202, 1215, 1237, 1252, 1261, 1261, 1256, 1247, 1238, 1232, 1228, 1227, 1226, 1225, 1225, 1225, 1225, 1230, 1238, 1247, 1259, 1267, 1276, 1282, 1284, 1287, 1287, 1288, 1288, 1288, 1288, 1288]","[699, 705, 716, 726, 752, 783, 815, 804, 808, 803, 791, 782, 774, 769, 769, 768, 768, 768, 768, 769, 769, 772, 770, 771, 769, 768, 769, 767, 765, 758, 750, 741, 729, 696, 657, 609, 566, 514, 468, 445, 436, 430, 426, 425, 425, 426, 434, 450, 503, 545, 596, 642, 674, 706, 733, 745, 755, 758, 761, 762, 764, 765, 766]"
